6,tests/clang/evaluation/src/arena/test1.c,12,12,12,34
14,tests/clang/evaluation/src/arena/test1.c,27,3,27,16
16,tests/clang/evaluation/src/arena/test1.c,24,12,24,34
20,tests/clang/evaluation/src/arena/test1.c,31,12,31,34
28,tests/clang/evaluation/src/arena/test1.c,39,12,39,22
30,tests/clang/evaluation/src/arena/test1.c,40,12,40,22
36,tests/clang/evaluation/src/arena/test1.c,32,10,32,10
38,tests/clang/evaluation/src/arena/test1.c,36,10,36,10
39,tests/clang/evaluation/src/arena/test1.c,15,8,15,8
44,tests/clang/evaluation/src/arena/test1.c,20,8,20,8
46,tests/clang/evaluation/src/arena/test1.c,27,12,27,12
47,tests/clang/evaluation/src/arena/test1.c,27,15,27,15
54,tests/clang/evaluation/src/arena/test1.c,42,8,42,8
56,tests/clang/evaluation/src/arena/test1.c,39,20,39,20
57,tests/clang/evaluation/src/arena/test1.c,40,20,40,20
58,tests/clang/evaluation/src/arena/test1.c,19,15,19,20
61,tests/clang/evaluation/src/arena/test1.c,19,23,19,28
62,tests/clang/evaluation/src/arena/test1.c,30,15,30,22
64,tests/clang/evaluation/src/arena/test1.c,34,15,34,22
194,tests/clang/evaluation/src/arena/test1.c,12,3,12,34
197,tests/clang/evaluation/src/arena/test1.c,24,3,24,34
199,tests/clang/evaluation/src/arena/test1.c,31,3,31,34
202,tests/clang/evaluation/src/arena/test1.c,39,3,39,22
